{
    "build": {
      "variants_dir": "boards/variants",
      "arduino": {
        "ldscript": "esp32s3_out.ld",
        "memory_type": "qio_opi",
      "partitions": "default_16MB.csv"
      },
      "core": "esp32",
      "extra_flags": [
        "-DARDUINO_ESP32S3_DEV_MODULE",
        "-DARDUINO_USB_CDC_ON_BOOT=1",
        "-DARDUINO_RUNNING_CORE=1",
        "-DARDUINO_EVENT_RUNNING_CORE=1",
        "-DBOARD_HAS_PSRAM"
      ],
      "f_cpu": "240000000L",
      "f_flash": "80000000L",
      "flash_mode": "qio",
      "hwids": [
        [
          "0x239A",
          "0x811D"
        ],
        [
          "0x239A",
          "0x011D"
        ],
        [
          "0x239A",
          "0x811E"
        ]
      ],
      "mcu": "esp32s3",
      "variant": "hub75_matrix_controller"
    },
    "connectivity": [
      "bluetooth",
      "wifi"
    ],
    "debug": {
      "openocd_target": "esp32s3.cfg"
    },
    "frameworks": [
      "arduino",
      "espidf"
    ],
    "name": "HUB75_Matrix_Controller",
    "upload": {
      "flash_size": "16MB",
      "maximum_ram_size": 327680,
      "maximum_size": 16777216,
      "require_upload_port": true,
      "speed": 460800
    },
    "url": "",
    "vendor": "T2E & Big Z"
  }